key,mean,ci_low,ci_high,mean_pp,low_pp,high_pp,classification,mean_descendant_difference,low_descendants,high_descendants
HAM|Q_ZERO|F_BG_SWITCH|D40,-0.017333984375,-0.02490437825520833,-0.008707682291666666,-1.7333984375,-2.490437825520833,-0.8707682291666666,negative,-0.5546875,-0.7969401041666666,-0.2786458333333333
HAM|Q_ZERO|F_BG_STAY|D40,-0.0011393229166666667,-0.01562703450520833,0.015220133463541657,-0.11393229166666667,-1.562703450520833,1.5220133463541656,unresolved,-0.036458333333333336,-0.5000651041666666,0.487044270833333
HAM|Q_ZERO|F_BG_EFFECT|D40,-0.016194661458333332,-0.03271484375,-0.0011393229166666667,-1.6194661458333333,-3.271484375,-0.11393229166666667,negative,-0.5182291666666666,-1.046875,-0.036458333333333336
HAM|Q_ZERO|H_BG_SWITCH|D40,0.008870442708333334,-0.005210367838541666,0.02384643554687499,0.8870442708333334,-0.5210367838541666,2.384643554687499,unresolved,0.2838541666666667,-0.16673177083333332,0.7630859374999996
HAM|Q_ZERO|H_BG_STAY|D40,-0.013264973958333334,-0.025146484375,0.0004903157552083223,-1.3264973958333335,-2.5146484375,0.049031575520832225,unresolved,-0.4244791666666667,-0.8046875,0.015690104166666313
HAM|Q_ZERO|H_BG_EFFECT|D40,0.022135416666666668,0.0015401204427083336,0.04061075846354166,2.213541666666667,0.15401204427083337,4.061075846354166,positive,0.7083333333333334,0.049283854166666675,1.2995442708333331
HAM|Q_ZERO|F_BG_SWITCH_POP|U,0.6073213577270508,0.6068361028035484,0.6078006649017335,60.73213577270508,60.68361028035484,60.78006649017335,positive,,,
HAM|Q_ZERO|F_BG_SWITCH_POP|U40,0.6075897216796875,0.6039805094401042,0.6112204869588217,60.75897216796875,60.398050944010414,61.12204869588217,positive,,,
HAM|Q_ZERO|F_BG_STAY_POP|U,0.6071695963541666,0.6067327912648521,0.6076566282908122,60.71695963541666,60.67327912648521,60.76566282908122,positive,,,
HAM|Q_ZERO|F_BG_STAY_POP|U40,0.6081695556640625,0.6049082438151042,0.6115837097167969,60.81695556640625,60.49082438151042,61.15837097167969,positive,,,
HAM|Q_ZERO|F_BG_EFFECT_POP|U,0.00015176137288411504,-0.0001970020929972335,0.0005308945973714238,0.015176137288411504,-0.01970020929972335,0.05308945973714238,unresolved,,,
HAM|Q_ZERO|F_BG_EFFECT_POP|U40,-0.000579833984375,-0.00255126953125,0.0012970606486002601,-0.0579833984375,-0.255126953125,0.129706064860026,unresolved,,,
HAM|Q_ZERO|H_BG_SWITCH_POP|U,0.6032386779785157,0.6025613578160605,0.6038826847076415,60.32386779785157,60.25613578160605,60.38826847076415,positive,,,
HAM|Q_ZERO|H_BG_SWITCH_POP|U40,0.6071294148763021,0.6014912287394206,0.6129611968994141,60.71294148763021,60.14912287394206,61.296119689941406,positive,,,
HAM|Q_ZERO|H_BG_STAY_POP|U,0.6031813303629558,0.6024533494313558,0.60386794090271,60.318133036295585,60.245334943135575,60.386794090271,positive,,,
HAM|Q_ZERO|H_BG_STAY_POP|U40,0.60626220703125,0.6005541483561198,0.6116437276204427,60.626220703125,60.05541483561198,61.16437276204427,positive,,,
HAM|Q_ZERO|H_BG_EFFECT_POP|U,5.734761555989861e-05,-0.00024446964263915617,0.0003982067108154326,0.0057347615559898615,-0.024446964263915617,0.03982067108154326,unresolved,,,
HAM|Q_ZERO|H_BG_EFFECT_POP|U40,0.0008672078450520834,-0.002123896280924479,0.0042092641194661435,0.08672078450520834,-0.2123896280924479,0.42092641194661434,unresolved,,,
HAM|Q_HALF|F_BG_SWITCH|D40,0.16512044270833334,0.11538899739583333,0.21225179036458328,16.512044270833336,11.538899739583334,21.22517903645833,positive,5.283854166666667,3.6924479166666666,6.792057291666665
HAM|Q_HALF|F_BG_STAY|D40,0.0030924479166666665,-0.010011800130208333,0.017659505208333332,0.30924479166666663,-1.0011800130208333,1.7659505208333333,unresolved,0.09895833333333333,-0.32037760416666666,0.5651041666666666
HAM|Q_HALF|F_BG_EFFECT|D40,0.16202799479166666,0.10676472981770833,0.2150105794270833,16.202799479166664,10.676472981770834,21.50105794270833,positive,5.184895833333333,3.4164713541666667,6.880338541666665
HAM|Q_HALF|H_BG_SWITCH|D40,-0.03125,-0.03125,-0.03125,-3.125,-3.125,-3.125,negative,-1.0,-1.0,-1.0
HAM|Q_HALF|H_BG_STAY|D40,-0.00048828125,-0.015380859375,0.015057373046874989,-0.048828125,-1.5380859375,1.505737304687499,unresolved,-0.015625,-0.4921875,0.48183593749999964
HAM|Q_HALF|H_BG_EFFECT|D40,-0.03076171875,-0.046307373046874996,-0.015869140625,-3.076171875,-4.6307373046875,-1.5869140625,negative,-0.984375,-1.4818359374999999,-0.5078125
HAM|Q_HALF|F_BG_SWITCH_POP|U,0.6205537796020509,0.6186757818857831,0.6225546534856161,62.05537796020509,61.86757818857831,62.255465348561614,positive,,,
HAM|Q_HALF|F_BG_SWITCH_POP|U40,0.6199111938476562,0.6124465942382813,0.6273807525634766,61.991119384765625,61.24465942382813,62.738075256347656,positive,,,
HAM|Q_HALF|F_BG_STAY_POP|U,0.6186509450276692,0.6168339506785075,0.6205794556935629,61.865094502766915,61.68339506785075,62.057945569356285,positive,,,
HAM|Q_HALF|F_BG_STAY_POP|U40,0.6166839599609375,0.6106744130452474,0.622665532430013,61.66839599609375,61.06744130452474,62.2665532430013,positive,,,
HAM|Q_HALF|F_BG_EFFECT_POP|U,0.001902834574381512,0.0010344568888346363,0.0027241929372151716,0.1902834574381512,0.10344568888346363,0.2724192937215172,positive,,,
HAM|Q_HALF|F_BG_EFFECT_POP|U40,0.00322723388671875,0.0003221511840820313,0.006421407063802083,0.322723388671875,0.03221511840820313,0.6421407063802083,positive,,,
HAM|Q_HALF|H_BG_SWITCH_POP|U,0.628929837544759,0.6258384895324707,0.6322187423706053,62.89298375447589,62.58384895324707,63.221874237060526,positive,,,
HAM|Q_HALF|H_BG_SWITCH_POP|U40,0.6297022501627604,0.6173680623372396,0.6424846649169922,62.97022501627604,61.73680623372396,64.24846649169922,positive,,,
HAM|Q_HALF|H_BG_STAY_POP|U,0.6282526652018229,0.6253300380706787,0.6314535967508951,62.82526652018229,62.533003807067864,63.14535967508951,positive,,,
HAM|Q_HALF|H_BG_STAY_POP|U40,0.6273651123046875,0.614679718017578,0.6399640401204427,62.73651123046875,61.467971801757805,63.99640401204427,positive,,,
HAM|Q_HALF|H_BG_EFFECT_POP|U,0.0006771723429361987,-0.00010281085968017953,0.0013357321421305325,0.06771723429361987,-0.010281085968017953,0.13357321421305324,unresolved,,,
HAM|Q_HALF|H_BG_EFFECT_POP|U40,0.0023371378580729165,-0.001069323221842448,0.005839920043945308,0.23371378580729166,-0.1069323221842448,0.5839920043945308,unresolved,,,
HAM|Q_HALF_MINUS_ZERO|F_BG_SWITCH|D40,0.18245442708333334,0.13346354166666666,0.2296590169270833,18.245442708333336,13.346354166666666,22.96590169270833,positive,5.838541666666667,4.270833333333333,7.349088541666665
HAM|Q_HALF_MINUS_ZERO|F_BG_STAY|D40,0.004231770833333333,-0.014975992838541667,0.024908447265624967,0.4231770833333333,-1.4975992838541667,2.4908447265624964,unresolved,0.13541666666666666,-0.47923177083333335,0.7970703124999989
HAM|Q_HALF_MINUS_ZERO|F_BG_EFFECT|D40,0.17822265625,0.124102783203125,0.23665771484374998,17.822265625,12.4102783203125,23.665771484374996,positive,5.703125,3.9712890625,7.573046874999999
HAM|Q_HALF_MINUS_ZERO|H_BG_SWITCH|D40,-0.040120442708333336,-0.055096435546874996,-0.026039632161458347,-4.012044270833334,-5.5096435546875,-2.603963216145835,negative,-1.2838541666666667,-1.7630859374999999,-0.8332682291666671
HAM|Q_HALF_MINUS_ZERO|H_BG_STAY|D40,0.012776692708333334,-0.009769694010416666,0.035481770833333336,1.2776692708333335,-0.9769694010416666,3.5481770833333335,unresolved,0.4088541666666667,-0.3126302083333333,1.1354166666666667
HAM|Q_HALF_MINUS_ZERO|H_BG_EFFECT|D40,-0.052897135416666664,-0.079595947265625,-0.025472005208333332,-5.289713541666666,-7.959594726562499,-2.547200520833333,negative,-1.6927083333333333,-2.5470703125,-0.8151041666666666
HAM|Q_HALF_MINUS_ZERO|F_BG_SWITCH_POP|U,0.013232421874999997,0.011294980049133301,0.015335014661153152,1.3232421874999998,1.12949800491333,1.5335014661153152,positive,,,
HAM|Q_HALF_MINUS_ZERO|F_BG_SWITCH_POP|U40,0.01232147216796875,0.004328028361002605,0.021260134379069,1.232147216796875,0.4328028361002605,2.1260134379069,positive,,,
HAM|Q_HALF_MINUS_ZERO|F_BG_STAY_POP|U,0.011481348673502608,0.0096533203125,0.013291905721028648,1.148134867350261,0.96533203125,1.3291905721028647,positive,,,
HAM|Q_HALF_MINUS_ZERO|F_BG_STAY_POP|U40,0.008514404296875,0.0023038228352864586,0.014847310384114581,0.8514404296875,0.23038228352864587,1.484731038411458,positive,,,
HAM|Q_HALF_MINUS_ZERO|F_BG_EFFECT_POP|U,0.0017510732014973968,0.0007102775573730445,0.0027478520075480224,0.17510732014973968,0.07102775573730445,0.27478520075480223,positive,,,
HAM|Q_HALF_MINUS_ZERO|F_BG_EFFECT_POP|U40,0.00380706787109375,0.00013211568196614583,0.00797316233317057,0.380706787109375,0.013211568196614584,0.797316233317057,positive,,,
HAM|Q_HALF_MINUS_ZERO|H_BG_SWITCH_POP|U,0.025691159566243477,0.022621428171793617,0.02887223243713378,2.5691159566243478,2.262142817179362,2.887223243713378,positive,,,
HAM|Q_HALF_MINUS_ZERO|H_BG_SWITCH_POP|U40,0.022572835286458332,0.007947285970052084,0.036443074544270836,2.257283528645833,0.7947285970052084,3.6443074544270835,positive,,,
HAM|Q_HALF_MINUS_ZERO|H_BG_STAY_POP|U,0.02507133483886718,0.022140102386474597,0.02821159680684407,2.5071334838867183,2.2140102386474596,2.821159680684407,positive,,,
HAM|Q_HALF_MINUS_ZERO|H_BG_STAY_POP|U40,0.0211029052734375,0.006458791097005208,0.03501014709472656,2.11029052734375,0.6458791097005208,3.501014709472656,positive,,,
HAM|Q_HALF_MINUS_ZERO|H_BG_EFFECT_POP|U,0.0006198247273763001,-0.00017645359039306755,0.0013285621007283494,0.06198247273763001,-0.017645359039306755,0.13285621007283493,unresolved,,,
HAM|Q_HALF_MINUS_ZERO|H_BG_EFFECT_POP|U40,0.0014699300130208333,-0.0035435358683268228,0.006388409932454427,0.14699300130208331,-0.35435358683268225,0.6388409932454427,unresolved,,,
TRAP4|Q_ZERO|F_BG_SWITCH|D40,-0.010986328125,-0.022381591796875,0.001708984375,-1.0986328125,-2.2381591796875,0.1708984375,unresolved,-0.3515625,-0.7162109375,0.0546875
TRAP4|Q_ZERO|F_BG_STAY|D40,0.007568359375,-0.008546956380208333,0.027591959635416646,0.7568359375,-0.8546956380208334,2.7591959635416647,unresolved,0.2421875,-0.27350260416666666,0.8829427083333327
TRAP4|Q_ZERO|F_BG_EFFECT|D40,-0.0185546875,-0.043865966796874996,0.003745524088541656,-1.85546875,-4.3865966796875,0.3745524088541656,unresolved,-0.59375,-1.4037109374999999,0.11985677083333299
TRAP4|Q_ZERO|H_BG_SWITCH|D40,0.026611328125,0.005283610026041667,0.05159708658854166,2.6611328125,0.5283610026041667,5.159708658854166,positive,0.8515625,0.16907552083333335,1.6511067708333331
TRAP4|Q_ZERO|H_BG_STAY|D40,-0.005208333333333333,-0.019449869791666668,0.01090901692708331,-0.5208333333333333,-1.9449869791666667,1.090901692708331,unresolved,-0.16666666666666666,-0.6223958333333334,0.3490885416666659
TRAP4|Q_ZERO|H_BG_EFFECT|D40,0.031819661458333336,0.005204264322916667,0.060221354166666664,3.1819661458333335,0.5204264322916666,6.022135416666666,positive,1.0182291666666667,0.16653645833333333,1.9270833333333333
TRAP4|Q_ZERO|F_BG_SWITCH_POP|U,0.45461845397949213,0.4541392342249551,0.45514823595682774,45.46184539794921,45.413923422495515,45.51482359568277,positive,,,
TRAP4|Q_ZERO|F_BG_SWITCH_POP|U40,0.45763905843098956,0.4544724146525065,0.4607601801554362,45.763905843098954,45.44724146525065,46.07601801554362,positive,,,
TRAP4|Q_ZERO|F_BG_STAY_POP|U,0.4545300801595053,0.4540211137135822,0.4550711345672606,45.45300801595053,45.402111371358224,45.50711345672606,positive,,,
TRAP4|Q_ZERO|F_BG_STAY_POP|U40,0.4567769368489583,0.45387687683105465,0.45958480834960935,45.67769368489583,45.38768768310547,45.95848083496094,positive,,,
TRAP4|Q_ZERO|F_BG_EFFECT_POP|U,8.837381998698032e-05,-0.00019807974497476955,0.00040832996368408205,0.008837381998698032,-0.019807974497476954,0.0408329963684082,unresolved,,,
TRAP4|Q_ZERO|F_BG_EFFECT_POP|U40,0.00086212158203125,-0.0017781575520833333,0.00335718790690104,0.086212158203125,-0.17781575520833334,0.335718790690104,unresolved,,,
TRAP4|Q_ZERO|H_BG_SWITCH_POP|U,0.45107358296712236,0.45037146091461183,0.45179088751475016,45.107358296712235,45.03714609146118,45.179088751475014,positive,,,
TRAP4|Q_ZERO|H_BG_SWITCH_POP|U40,0.45360565185546875,0.4490788141886393,0.4580317179361979,45.360565185546875,44.90788141886393,45.80317179361979,positive,,,
TRAP4|Q_ZERO|H_BG_STAY_POP|U,0.4508768717447917,0.45005117416381835,0.4517212041219074,45.08768717447917,45.005117416381836,45.17212041219074,positive,,,
TRAP4|Q_ZERO|H_BG_STAY_POP|U40,0.4537709554036458,0.4487145741780599,0.4585544586181641,45.37709554036458,44.871457417805985,45.855445861816406,positive,,,
TRAP4|Q_ZERO|H_BG_EFFECT_POP|U,0.00019671122233072864,-0.00031665484110514607,0.0007136599222818997,0.019671122233072862,-0.031665484110514605,0.07136599222818997,unresolved,,,
TRAP4|Q_ZERO|H_BG_EFFECT_POP|U40,-0.00016530354817708334,-0.0034333546956380207,0.0032832463582356764,-0.016530354817708336,-0.34333546956380206,0.32832463582356763,unresolved,,,
TRAP4|Q_HALF|F_BG_SWITCH|D40,0.215576171875,0.16568806966145833,0.2674967447916667,21.5576171875,16.568806966145832,26.749674479166668,positive,6.8984375,5.302018229166666,8.559895833333334
TRAP4|Q_HALF|F_BG_STAY|D40,-0.0032552083333333335,-0.016845703125,0.012615966796874989,-0.32552083333333337,-1.6845703125,1.261596679687499,unresolved,-0.10416666666666667,-0.5390625,0.40371093749999964
TRAP4|Q_HALF|F_BG_EFFECT|D40,0.21883138020833334,0.16479288736979167,0.2762125651041666,21.883138020833336,16.479288736979168,27.621256510416657,positive,7.002604166666667,5.273372395833333,8.83880208333333
TRAP4|Q_HALF|H_BG_SWITCH|D40,-0.03125,-0.03125,-0.03125,-3.125,-3.125,-3.125,negative,-1.0,-1.0,-1.0
TRAP4|Q_HALF|H_BG_STAY|D40,0.007893880208333334,-0.0078125,0.02588094075520832,0.7893880208333334,-0.78125,2.588094075520832,unresolved,0.2526041666666667,-0.25,0.8281901041666663
TRAP4|Q_HALF|H_BG_EFFECT|D40,-0.039143880208333336,-0.05713094075520833,-0.0234375,-3.9143880208333335,-5.713094075520833,-2.34375,negative,-1.2526041666666667,-1.8281901041666666,-0.75
TRAP4|Q_HALF|F_BG_SWITCH_POP|U,0.4705458958943685,0.46810344378153496,0.4732787545522054,47.05458958943685,46.810344378153495,47.32787545522054,positive,,,
TRAP4|Q_HALF|F_BG_SWITCH_POP|U40,0.4697214762369792,0.4612424850463867,0.47805945078531903,46.97214762369792,46.12424850463867,47.805945078531906,positive,,,
TRAP4|Q_HALF|F_BG_STAY_POP|U,0.4684397379557292,0.4661540158589682,0.4709625975290935,46.84397379557292,46.61540158589682,47.09625975290935,positive,,,
TRAP4|Q_HALF|F_BG_STAY_POP|U40,0.4643910725911458,0.4584346771240234,0.47017478942871094,46.43910725911458,45.843467712402344,47.017478942871094,positive,,,
TRAP4|Q_HALF|F_BG_EFFECT_POP|U,0.0021061579386393247,0.0012488842010498077,0.0029568640391031925,0.21061579386393248,0.12488842010498077,0.29568640391031925,positive,,,
TRAP4|Q_HALF|F_BG_EFFECT_POP|U40,0.005330403645833333,0.00023619333902994793,0.010180664062499997,0.5330403645833333,0.023619333902994793,1.0180664062499998,positive,,,
TRAP4|Q_HALF|H_BG_SWITCH_POP|U,0.48225453694661463,0.47828526020050044,0.48647547880808517,48.22545369466146,47.82852602005004,48.64754788080852,positive,,,
TRAP4|Q_HALF|H_BG_SWITCH_POP|U40,0.48041025797526044,0.4642728169759115,0.4967220942179362,48.041025797526046,46.42728169759115,49.672209421793625,positive,,,
TRAP4|Q_HALF|H_BG_STAY_POP|U,0.48191045125325527,0.477884349822998,0.4861767419179281,48.19104512532553,47.7884349822998,48.61767419179281,positive,,,
TRAP4|Q_HALF|H_BG_STAY_POP|U40,0.4793802897135417,0.46294581095377607,0.4955832163492838,47.93802897135417,46.29458109537761,49.55832163492838,positive,,,
TRAP4|Q_HALF|H_BG_EFFECT_POP|U,0.0003440856933593769,-0.00025616010030110516,0.0009758313496907572,0.034408569335937694,-0.025616010030110516,0.09758313496907572,unresolved,,,
TRAP4|Q_HALF|H_BG_EFFECT_POP|U40,0.00102996826171875,-0.0028290430704752604,0.004881032307942704,0.102996826171875,-0.28290430704752606,0.48810323079427037,unresolved,,,
TRAP4|Q_HALF_MINUS_ZERO|F_BG_SWITCH|D40,0.2265625,0.17536621093750002,0.2796223958333333,22.65625,17.53662109375,27.962239583333332,positive,7.25,5.6117187500000005,8.947916666666666
TRAP4|Q_HALF_MINUS_ZERO|F_BG_STAY|D40,-0.010823567708333334,-0.03719482421875,0.013020833333333334,-1.0823567708333335,-3.719482421875,1.3020833333333335,unresolved,-0.3463541666666667,-1.190234375,0.4166666666666667
TRAP4|Q_HALF_MINUS_ZERO|F_BG_EFFECT|D40,0.23738606770833334,0.17260538736979167,0.3023295084635416,23.738606770833336,17.260538736979168,30.23295084635416,positive,7.596354166666667,5.523372395833333,9.674544270833332
TRAP4|Q_HALF_MINUS_ZERO|H_BG_SWITCH|D40,-0.057861328125,-0.08284708658854166,-0.0365336100260417,-5.7861328125,-8.284708658854166,-3.6533610026041696,negative,-1.8515625,-2.651106770833333,-1.1690755208333343
TRAP4|Q_HALF_MINUS_ZERO|H_BG_STAY|D40,0.013102213541666666,-0.010017903645833333,0.035237630208333336,1.3102213541666665,-1.0017903645833333,3.5237630208333335,unresolved,0.4192708333333333,-0.32057291666666665,1.1276041666666667
TRAP4|Q_HALF_MINUS_ZERO|H_BG_EFFECT|D40,-0.07096354166666667,-0.10693562825520833,-0.04011840820312501,-7.096354166666667,-10.693562825520834,-4.011840820312501,negative,-2.2708333333333335,-3.4219401041666666,-1.2837890625000004
TRAP4|Q_HALF_MINUS_ZERO|F_BG_SWITCH_POP|U,0.0159274419148763,0.013293027877807605,0.01877686500549316,1.59274419148763,1.3293027877807606,1.8776865005493162,positive,,,
TRAP4|Q_HALF_MINUS_ZERO|F_BG_SWITCH_POP|U40,0.012082417805989584,0.003598467508951823,0.0204511006673177,1.2082417805989585,0.3598467508951823,2.04511006673177,positive,,,
TRAP4|Q_HALF_MINUS_ZERO|F_BG_STAY_POP|U,0.013909657796223954,0.011546071370442708,0.01657697995503743,1.3909657796223953,1.1546071370442708,1.657697995503743,positive,,,
TRAP4|Q_HALF_MINUS_ZERO|F_BG_STAY_POP|U40,0.0076141357421875,0.0015307108561197916,0.01342811584472656,0.76141357421875,0.15307108561197916,1.342811584472656,positive,,,
TRAP4|Q_HALF_MINUS_ZERO|F_BG_EFFECT_POP|U,0.0020177841186523444,0.001099626223246259,0.0029369227091471358,0.20177841186523443,0.10996262232462589,0.29369227091471356,positive,,,
TRAP4|Q_HALF_MINUS_ZERO|F_BG_EFFECT_POP|U40,0.004468282063802083,-0.0011140187581380207,0.010089365641276037,0.4468282063802083,-0.11140187581380206,1.0089365641276038,unresolved,,,
TRAP4|Q_HALF_MINUS_ZERO|H_BG_SWITCH_POP|U,0.031180953979492193,0.027248333295186368,0.03542387008666992,3.118095397949219,2.7248333295186367,3.5423870086669917,positive,,,
TRAP4|Q_HALF_MINUS_ZERO|H_BG_SWITCH_POP|U40,0.026804606119791668,0.011464118957519533,0.04230454762776692,2.680460611979167,1.1464118957519533,4.2304547627766915,positive,,,
TRAP4|Q_HALF_MINUS_ZERO|H_BG_STAY_POP|U,0.03103357950846354,0.026988147099812825,0.035277255376180004,3.103357950846354,2.6988147099812827,3.5277255376180006,positive,,,
TRAP4|Q_HALF_MINUS_ZERO|H_BG_STAY_POP|U40,0.025609334309895832,0.010182189941406251,0.0410260518391927,2.560933430989583,1.018218994140625,4.1026051839192705,positive,,,
TRAP4|Q_HALF_MINUS_ZERO|H_BG_EFFECT_POP|U,0.00014737447102864827,-0.000751975377400717,0.0010802189509073893,0.014737447102864827,-0.07519753774007171,0.10802189509073892,unresolved,,,
TRAP4|Q_HALF_MINUS_ZERO|H_BG_EFFECT_POP|U40,0.0011952718098958333,-0.004239527384440104,0.006154886881510413,0.11952718098958333,-0.4239527384440104,0.6154886881510413,unresolved,,,
TRAP4_MINUS_HAM|Q_HALF_MINUS_ZERO|F_BG_SWITCH|D40,0.044108072916666664,-0.011808268229166667,0.10319824218749996,4.410807291666666,-1.1808268229166667,10.319824218749996,unresolved,1.4114583333333333,-0.37786458333333334,3.3023437499999986
TRAP4_MINUS_HAM|Q_HALF_MINUS_ZERO|F_BG_STAY|D40,-0.015055338541666666,-0.04793497721354167,0.016768391927083313,-1.5055338541666665,-4.793497721354167,1.6768391927083313,unresolved,-0.4817708333333333,-1.5339192708333333,0.536588541666666
TRAP4_MINUS_HAM|Q_HALF_MINUS_ZERO|F_BG_EFFECT|D40,0.059163411458333336,-0.010585530598958334,0.13134765625,5.916341145833334,-1.0585530598958333,13.134765625,unresolved,1.8932291666666667,-0.3387369791666667,4.203125
TRAP4_MINUS_HAM|Q_HALF_MINUS_ZERO|H_BG_SWITCH|D40,-0.017740885416666668,-0.042805989583333336,0.004069010416666667,-1.7740885416666667,-4.280598958333334,0.4069010416666667,unresolved,-0.5677083333333334,-1.3697916666666667,0.13020833333333334
TRAP4_MINUS_HAM|Q_HALF_MINUS_ZERO|H_BG_STAY|D40,0.0003255208333333333,-0.035970052083333336,0.03597208658854166,0.03255208333333333,-3.5970052083333335,3.597208658854166,unresolved,0.010416666666666666,-1.1510416666666667,1.1511067708333331
TRAP4_MINUS_HAM|Q_HALF_MINUS_ZERO|H_BG_EFFECT|D40,-0.01806640625,-0.064208984375,0.022788492838541653,-1.806640625,-6.4208984375,2.278849283854165,unresolved,-0.578125,-2.0546875,0.7292317708333329
